year,season,fishery,area,obs,pred
1972,1,32,1,0.0743478889417193,0.128734903587804
1972,2,32,1,0.189379943266833,0.792074362127597
1972,3,32,1,0.156296567932682,0.381898657528639
1972,4,32,1,0.044869365497558,0.117654843021779
1973,1,32,1,0.0766121192498672,0.0968104825264602
1973,2,32,1,0.231540609924526,0.411313327876566
1973,3,32,1,0.181046748872787,0.2711725350456
1973,4,32,1,0.122334033032539,0.102796908435286
1974,1,32,1,0.0701583814918904,0.12381088481746
1974,2,32,1,0.240989961472524,0.499673696800097
1974,3,32,1,0.20109054494341,0.219369007801505
1974,4,32,1,0.033406659922485,0.0807820897124793
1975,1,32,1,0.0372166141675369,0.10850055400259
1975,2,32,1,0.184888932326172,0.344039088053988
1975,3,32,1,0.113721818647451,0.159613501768118
1975,4,32,1,0.0411307196472039,0.0892780162516101
1976,1,32,1,0.0589538703123722,0.138345652108174
1976,2,32,1,0.192626923436078,0.524977434090005
1976,3,32,1,0.146460428447272,0.250073601112094
1976,4,32,1,0.0736817600177658,0.0866394521154461
1977,1,32,1,0.126185781705039,0.0883013396423293
1977,2,32,1,0.21610302876414,0.154432217591686
1977,3,32,1,0.0687691524597002,0.0953691622155496
1977,4,32,1,0.0821671246787063,0.0668034869467669
1978,1,32,1,0.0919969366288473,0.0986674671847645
1978,2,32,1,0.29789923119941,0.240989961472524
1978,3,32,1,0.107959405231897,0.108175540105189
1978,4,32,1,0.0268900217459885,0.0339794278746657
1979,1,32,1,0.129250874455931,0.0629131547262233
1979,2,32,1,0.150769967160987,0.152590105756884
1979,3,32,1,0.0947986604590301,0.113267839935589
1979,4,32,1,0.0578443208748385,0.0440248954231333
1980,1,32,1,0.0776145786684056,0.0664038660865288
1980,2,32,1,0.234335835051763,0.167127213344626
1980,3,32,1,0.117068037044126,0.119791805157729
1980,4,32,1,0.0401151985607764,0.0438053203411705
1981,1,32,1,0.0517671241563774,0.0524969608306599
1981,2,32,1,0.279990389392548,0.150168091845475
1981,3,32,1,0.0855204286500067,0.0921811146187023
1981,4,32,1,0.0409665253760829,0.0381587572406992
1982,1,32,1,0.060810062625218,0.0560226055031822
1982,2,32,1,0.166960169667041,0.152895591352164
1982,3,32,1,0.204333871080942,0.113949489880088
1982,4,32,1,0.0380825159928794,0.0459592566490442
1983,1,32,1,0.076765496814806,0.0645058088206897
1983,2,32,1,0.229466093760907,0.160895531061956
1983,3,32,1,0.112140806097358,0.183232397523444
1983,4,32,1,0.087422726632717,0.0789453056368132
1984,1,32,1,0.110803158362334,0.0910815518148231
1984,2,32,1,0.188058912665274,0.259499630569885
1984,3,32,1,0.173947804309837,0.132921041498175
1984,4,32,1,0.0504385255536912,0.0538259277212543
1985,1,32,1,0.0545847903530586,0.101977813914387
1985,2,32,1,0.168806869763051,0.113835597345966
1985,3,32,1,0.10136777896585,0.0860350936729816
1985,4,32,1,0.0428092961590963,0.0590718960393821
1986,1,32,1,0.112253002992553,0.0947986604590301
1986,2,32,1,0.251578553059757,0.328900501831768
1986,3,32,1,0.299093214498829,0.213525289785635
1986,4,32,1,0.0995594824369675,0.0879488397535373
1987,1,32,1,0.0864663463746579,0.116019151774409
1987,2,32,1,0.306052078602271,0.262369883958126
1987,3,32,1,0.245367056452926,0.178529754460231
1987,4,32,1,0.0364067893910615,0.0744967335145608
1988,1,32,1,0.318542300873219,0.118481316204308
1988,2,32,1,0.426774290152271,0.329229566838682
1988,3,32,1,0.21140067765351,0.194174119355542
1988,4,32,1,0.123316630445939,0.0835759065158609
1989,1,32,1,0.0886552523544394,0.0960390883570241
1989,2,32,1,0.307586171030328,0.219808184847762
1989,3,32,1,0.133320403365949,0.14852529478385
1989,4,32,1,0.0992612515596457,0.104246186427865
1990,1,32,1,0.127326579630674,0.0879488397535373
1990,2,32,1,0.20412963934275,0.179066147911493
1990,3,32,1,0.262369883958126,0.205769226059907
1990,4,32,1,0.169144821341505,0.119552460971381
1991,1,32,1,0.14313028207888,0.0933872922765673
1991,2,32,1,0.196714861952017,0.189759082165886
1991,3,32,1,0.204947793116797,0.161540402068389
1991,4,32,1,0.108283769751098,0.0861211717985442
1992,1,32,1,0.0878609348735492,0.0952738407220243
1992,2,32,1,0.129380189977371,0.145293419280404
1992,3,32,1,0.285361066658127,0.186560443233507
1992,4,32,1,0.21246032795994,0.0855204286500067
1993,1,32,1,0.102796908435286,0.0854349509673212
1993,2,32,1,0.299691999513246,0.216969172010832
1993,3,32,1,0.454162597856978,0.164145836393724
1993,4,32,1,0.140999349794659,0.0702988386652285
1994,1,32,1,0.0439808925328223,0.0815124100316725
1994,2,32,1,0.189001561887805,0.176753353722631
1994,3,32,1,0.25846370527942,0.154123661815131
1994,4,32,1,0.0949884475037305,0.0769191814418345
1995,1,32,1,0.0645703468931685,0.0848389945913524
1995,2,32,1,0.237164804944181,0.315688282512581
1995,3,32,1,0.370685976248864,0.297304028138473
1995,4,32,1,0.140717632905864,0.147489248114228
1996,1,32,1,0.063545442443014,0.106245800145629
1996,2,32,1,0.18787094775073,0.232236274729759
1996,3,32,1,0.134929885787125,0.151071808836371
1996,4,32,1,0.0768423007071667,0.0797387191489739
1997,1,32,1,0.122211760146139,0.102694162908177
1997,2,32,1,0.178708373509331,0.442506555479921
1997,3,32,1,0.342665680348393,0.30912795312868
1997,4,32,1,0.0771502854688726,0.119313594995037
1998,1,32,1,0.0666700134908204,0.0913552067474253
1998,2,32,1,0.418700253714289,0.244876812747141
1998,3,32,1,0.164145836393724,0.176047752451085
1998,4,32,1,0.0945146906453509,0.10561023395004
1999,1,32,1,0.056529084690323,0.0992612515596457
1999,2,32,1,0.103622581993414,0.140999349794659
1999,3,32,1,0.138345652108174,0.119672073228513
1999,4,32,1,0.135064883160349,0.0907179532894125
2000,1,32,1,0.136422307803314,0.093107550222625
2000,2,32,1,0.255380675988078,0.367511745608694
2000,3,32,1,0.372395059617674,0.275270783089752
2000,4,32,1,0.260800377881124,0.142416416818854
2001,1,32,1,0.0602049923923735,0.111024986433187
2001,2,32,1,0.175344967947334,0.200889554910232
2001,3,32,1,0.163981772602898,0.179424638578486
2001,4,32,1,0.145729954012943,0.175344967947334
2002,1,32,1,0.0913552067474253,0.114635242018529
2002,2,32,1,0.112365312140761,0.171015685263325
2002,3,32,1,0.218930708231572,0.182683524052735
2002,4,32,1,0.0736081150863508,0.08013841114201
2003,1,32,1,0.163654136802704,0.100761393268304
2003,2,32,1,0.200488177311803,0.162675151873628
2003,3,32,1,0.236690949347841,0.133054029022353
2003,4,32,1,0.0467472429181205,0.0640558448701232
2004,1,32,1,0.0557431915925549,0.108717772256443
2004,2,32,1,0.195147421179168,0.198294892543177
2004,3,32,1,0.296710014294045,0.143560317655955
2004,4,32,1,0.150920812538267,0.103933916507664
2005,1,32,1,0.0948935065346231,0.110360830973432
2005,2,32,1,0.142987223338093,0.206800648597755
2005,3,32,1,0.32206560885008,0.188058912665274
2005,4,32,1,0.112928545611739,0.107528430135795
2006,1,32,1,0.0656117817047708,0.115556002084224
2006,2,32,1,0.222461772750372,0.195733742484923
2006,3,32,1,0.555770410925905,0.147047443408297
2006,4,32,1,0.0552990250946914,0.0624118573514956
2007,1,32,1,0.0836595242242629,0.113608153670764
2007,2,32,1,0.112928545611739,0.16796494198769
2007,3,32,1,0.293757700323533,0.120874797559769
2007,4,32,1,0.104978469734278,0.0583089314060418
2008,1,32,1,0.0349442969854153,0.0795794010818491
2008,2,32,1,0.131861915319571,0.25258688258661
2008,3,32,1,0.173773943450445,0.139317469064027
2008,4,32,1,0.0529715659978074,0.0591901580540548
2009,1,32,1,0.0474537370209488,0.0701583814918904
2009,2,32,1,0.0421297979025045,0.139317469064027
2009,3,32,1,0.0892780162516101,0.0771502854688726
2009,4,32,1,0.0223484122659678,0.0291004977540735
2010,1,32,1,0.016856819263316,0.0599047187401122
2010,2,32,1,0.179963720713112,0.124805344430673
2010,3,32,1,0.258205370762927,0.113835597345966
2010,4,32,1,0.055188537568857,0.0463284053281622
2011,1,32,1,0.0514574513588495,0.0792617192647316
2011,2,32,1,0.177817061778011,0.177284409969878
2011,3,32,1,0.158976322968217,0.129509634879012
2011,4,32,1,0.0288109429634385,0.042298654582332
2012,1,32,1,0.0277366676301805,0.0758498159265025
2012,2,32,1,0.122947234924929,0.125180322650061
2012,3,32,1,0.17924530362233,0.119911656878759
2012,4,32,1,0.134122730360148,0.0527601029418787
2013,1,32,1,0.146460428447272,0.097979206636784
2013,2,32,1,0.25846370527942,0.166293662890601
2013,3,32,1,0.185444431955971,0.102386542081408
2013,4,32,1,0.0436741013071123,0.0517153829071574
2014,1,32,1,0.0327451637356297,0.061790848994825
2014,2,32,1,0.0981753611391751,0.129639209290299
2014,3,32,1,0.104350484754765,0.102181973633882
2014,4,32,1,0.0419196746588577,0.0629760993480151
2015,1,32,1,0.0519746073427314,0.0700882581778991
2015,2,32,1,0.166793292949639,0.128606233030218
2015,3,32,1,0.0670712360357332,0.10850055400259
2015,4,32,1,0.0358289160752425,0.0390856455843869
2016,1,32,1,0.0343209268022305,0.0564161395037774
2016,2,32,1,0.224024468212742,0.176930195482497
2016,3,32,1,0.171701117955854,0.130158804625337
2016,4,32,1,0.0838270107033616,0.0736817600177658
2017,1,32,1,0.0546940691761616,0.0703691726650324
2017,2,32,1,0.108717772256443,0.176223888256761
2017,3,32,1,0.143703949777703,0.133854752966148
2017,4,32,1,0.0384268056161683,0.0550782707972465
2018,1,32,1,0.0574982940680895,0.0971013500571851
2018,2,32,1,0.358079589589914,0.232468627161342
2018,3,32,1,0.120271931991859,0.167797061000186
2018,4,32,1,0.0733142707065574,0.0941373869931453
2019,1,32,1,0.0671383408185683,0.132921041498175
2019,2,32,1,0.127453969894821,0.196714861952017
2019,3,32,1,0.253345781012836,0.158025320889648
2019,4,32,1,0.0313669653119696,0.0576710479515535
2020,1,32,1,0.0183706683082576,0.0643769261287012
2020,2,32,1,0.0378925786519699,0.0905366986978434
2020,3,32,1,0.135470686210052,0.0743478889417193
2020,4,32,1,0.0976857094827276,0.0639918210425022
1972,1,33,2,3.3905766155135,1.01714532232524
1972,2,33,2,1.36629131532978,0.738968488258944
1972,3,33,2,1.68286887381224,1.2718849338292
1972,4,33,2,0.476589378762069,1.0012617953948
1973,1,33,2,3.40757195152415,1.09133312567354
1973,2,33,2,1.69333507251916,0.939168847166554
1973,3,33,2,2.06762374788752,1.49257079649926
1973,4,33,2,1.69384314924862,1.43175361905075
1974,1,33,2,5.12945799702716,1.79822487904497
1974,2,33,2,1.60994497275623,1.35472705687431
1974,3,33,2,1.44123444524756,1.59456345045473
1974,4,33,2,0.744829459671365,1.07111482649541
1975,1,33,2,2.47811948409372,1.18625347460014
1975,2,33,2,0.883644894591084,0.993438620475954
1975,3,33,2,1.38306216353697,1.16614099199925
1975,4,33,2,0.455026327075825,0.827703732182859
1976,1,33,2,0.866407436599012,1.03932347845519
1976,2,33,2,1.12468162994373,1.0969131415603
1976,3,33,2,1.46257707559975,1.4189256489335
1976,4,33,2,0.642813913632932,0.845861199179597
1977,1,33,2,1.83969537343701,0.899604550995232
1977,2,33,2,0.973770139108259,0.698583895086968
1977,3,33,2,0.929266233957889,0.93753611426205
1977,4,33,2,0.400837167591196,0.701033222542465
1978,1,33,2,4.65527041341035,1.28762572593521
1978,2,33,2,1.3380321636239,1.08468540972897
1978,3,33,2,1.20213603068889,1.22372562942958
1978,4,33,2,0.424518369883906,0.715624278821779
1979,1,33,2,2.49752439684658,0.963223313986795
1979,2,33,2,0.952457302269205,0.709212556342607
1979,3,33,2,1.21324671294236,0.848996682683981
1979,4,33,2,0.571894926160517,0.559674452004674
1980,1,33,2,3.4418186189883,0.942829329003308
1980,2,33,2,1.42261965574863,0.914232832331395
1980,3,33,2,1.53081458159859,1.27545120208952
1980,4,33,2,0.591082309322569,0.78474221787693
1981,1,33,2,1.10171714108276,0.675568986651015
1981,2,33,2,1.14133656375478,0.506769000263344
1981,3,33,2,1.2265434376145,0.807348385022681
1981,4,33,2,0.427457675579067,0.669784004444036
1982,1,33,2,1.75558125234274,0.739190212062329
1982,2,33,2,0.948560221804013,0.542482202802314
1982,3,33,2,1.48156653857554,0.907102341555802
1982,4,33,2,0.600015374456569,0.768203966280869
1983,1,33,2,3.02526896022077,0.784271513771556
1983,2,33,2,1.51952836420186,0.794851479515499
1983,3,33,2,2.17820251002963,1.21810941872208
1983,4,33,2,0.700332539719724,1.10882400638583
1984,1,33,2,3.79619784983765,1.11996787291695
1984,2,33,2,1.39933902481093,1.23491235506139
1984,3,33,2,2.59244125170805,1.28325523251609
1984,4,33,2,0.769741911646147,0.784193090541406
1985,1,33,2,2.5050282201442,1.06404746512038
1985,2,33,2,1.05658287714533,0.680314559685452
1985,3,33,2,0.898525672990306,0.817013222534781
1985,4,33,2,0.435395702702315,0.792232792842566
1986,1,33,2,5.19657627454597,1.15962885345037
1986,2,33,2,1.96993392189093,1.45019785667073
1986,3,33,2,3.40076361822385,2.09279396797156
1986,4,33,2,1.42646591893785,1.28056322412592
1987,1,33,2,5.62375730428171,1.70233357336678
1987,2,33,2,1.44802419054288,1.23491235506139
1987,3,33,2,2.22509586481462,1.51922448891756
1987,4,33,2,0.753896641959321,1.22789337772682
1988,1,33,2,11.8698313448601,1.91094904337109
1988,2,33,2,2.92706437214141,1.45790430937123
1988,3,33,2,1.82139009862042,1.58803912431594
1988,4,33,2,0.799714891867596,1.1783321424155
1989,1,33,2,2.08006678214855,1.20454270862598
1989,2,33,2,1.49466185901658,0.883998423249938
1989,3,33,2,1.64312513719764,1.08383968498491
1989,4,33,2,0.80742912389806,0.857100583751553
1990,1,33,2,2.16300833411795,0.929024656143537
1990,2,33,2,1.01971176089194,0.7869425751496
1990,3,33,2,2.07944285570755,0.964582416801832
1990,4,33,2,0.639607865863455,0.789149102056091
1991,1,33,2,1.21082264439305,0.969863440873644
1991,2,33,2,2.42637894526683,1.13439560217145
1991,3,33,2,3.28051361475018,1.72529836371645
1991,4,33,2,1.12727137475749,1.18210884477221
1992,1,33,2,4.54942112684564,1.49481133267604
1992,2,33,2,1.73654932910538,0.82374027417743
1992,3,33,2,3.07099004549651,1.50651645169018
1992,4,33,2,1.63068471962155,1.13825911146278
1993,1,33,2,1.82120796871721,1.05373395115784
1993,2,33,2,1.56705803746787,1.2781324639535
1993,3,33,2,4.28877009202371,1.80272606538113
1993,4,33,2,1.18981757850672,1.14510919583444
1994,1,33,2,3.7061737122102,1.11884846484135
1994,2,33,2,1.43734836082016,0.991273300629141
1994,3,33,2,1.4744720595614,1.09860368918587
1994,4,33,2,1.09927404187306,1.01556996829041
1995,1,33,2,5.00281122783359,1.19100799119237
1995,2,33,2,2.10349448032135,1.439649958985
1995,3,33,2,2.7264489184541,1.87892536679178
1995,4,33,2,1.19649924815997,1.21567563448014
1996,1,33,2,0.961241116324546,1.1785678324122
1996,2,33,2,1.14465124375262,0.777866782644056
1996,3,33,2,1.00347502394417,1.23429505322218
1996,4,33,2,0.645067704163331,1.00834361554761
1997,1,33,2,2.45591647216071,1.20129482992203
1997,2,33,2,1.01717583714263,1.30787018347266
1997,3,33,2,2.82921701435156,1.63640211574694
1997,4,33,2,0.817340093193568,1.01310512925977
1998,1,33,2,3.8076035433732,1.27035958729956
1998,2,33,2,2.65408509945913,1.68286887381224
1998,3,33,2,1.7026740741304,1.58106710186653
1998,4,33,2,0.849676151781529,1.16136960196554
1999,1,33,2,4.42380417942453,1.31653067486762
1999,2,33,2,1.20009413553935,1.036956520282
1999,3,33,2,3.20592288320281,1.35174993338579
1999,4,33,2,0.647070516801909,0.869184381137732
2000,1,33,2,2.62478765647458,1.14385026825613
2000,2,33,2,0.950772943941052,1.4763901197078
2000,3,33,2,2.75660541320083,1.66329404404215
2000,4,33,2,1.22311391955508,1.04123759410191
2001,1,33,2,5.40865257545999,1.54712752200448
2001,2,33,2,1.23775592232685,1.48290054867475
2001,3,33,2,0.943461236319052,1.65053586194011
2001,4,33,2,0.781140693531376,1.08169580554969
2002,1,33,2,5.07841903718008,1.13190267507197
2002,2,33,2,0.791520104087055,1.15476862588829
2002,3,33,2,1.54203041603234,1.46990827369968
2002,4,33,2,1.3255135907566,0.966967880205847
2003,1,33,2,8.58485839717789,1.17515493678873
2003,2,33,2,1.83436798530045,1.54666345336165
2003,3,33,2,1.35364370862588,1.65764844724555
2003,4,33,2,0.447579993865974,0.807025510247932
2004,1,33,2,0.764296099583213,0.989010826997735
2004,2,33,2,0.848826900326246,0.770126878835747
2004,3,33,2,1.58233246162444,1.01647422789803
2004,4,33,2,0.931154560415712,1.05726987926697
2005,1,33,2,2.59192281530307,1.2948566577126
2005,2,33,2,1.04861474220714,1.71309212874453
2005,3,33,2,3.12052107782557,1.99251966272017
2005,4,33,2,0.953200508777832,1.12344516033376
2006,1,33,2,4.92832907211912,1.31468882152099
2006,2,33,2,1.44325358654002,1.50907970780843
2006,3,33,2,2.23289734496773,1.2371371990594
2006,4,33,2,0.69287892947306,0.763761279522364
2007,1,33,2,3.31017149756516,1.14522371247976
2007,2,33,2,0.867794798090793,0.889318357632793
2007,3,33,2,1.53818015482411,0.995022429367225
2007,4,33,2,0.687289278790972,0.740892306208001
2008,1,33,2,1.71326344652315,0.871272928907283
2008,2,33,2,0.840549024544871,0.974403295452199
2008,3,33,2,1.46755830094129,0.865454912403107
2008,4,33,2,0.429299701100675,0.536654918985747
2009,1,33,2,0.625377382166582,0.705463673110065
2009,2,33,2,0.393883538871144,0.592976802284507
2009,3,33,2,0.674893755336291,0.70985113496059
2009,4,33,2,0.395541328656001,0.695308254565191
2010,1,33,2,0.681131427179547,0.966832514178461
2010,2,33,2,1.26452935301747,1.07793804643955
2010,3,33,2,2.71095236674816,1.41481672537043
2010,4,33,2,0.631852056534477,0.961289179581933
2011,1,33,2,0.657967329569276,1.02633068511527
2011,2,33,2,0.926723529572653,1.27583389485119
2011,3,33,2,0.987508672467356,1.22863033481847
2011,4,33,2,0.236927758682122,0.621325611702107
2012,1,33,2,2.25398553924435,1.0232358420115
2012,2,33,2,0.705040521864267,0.889941098416982
2012,3,33,2,2.06721026448766,1.26061538181293
2012,4,33,2,0.521159052869383,0.862000007170499
2013,1,33,2,4.01886691114153,1.2090077719211
2013,2,33,2,1.23565352480312,1.25910355063488
2013,3,33,2,1.36588148941215,0.972291132826346
2013,4,33,2,0.378325629688077,0.467245716573695
2014,1,33,2,1.09092940710958,0.672065145801955
2014,2,33,2,0.704547166193592,0.556716024167999
2014,3,33,2,0.593273364820104,0.695169206819516
2014,4,33,2,0.603324550909448,0.618659647502622
2015,1,33,2,0.613239326993927,0.783017682681878
2015,2,33,2,0.97453972146316,1.04777618588063
2015,3,33,2,1.27570631784066,1.09499522223146
2015,4,33,2,0.574991512018901,0.63584528996835
2016,1,33,2,0.468321618534776,0.702155773499821
2016,2,33,2,0.782469762098578,0.621822871068695
2016,3,33,2,1.93498582330976,0.970474647351219
2016,4,33,2,0.486071279596308,0.845945789528962
2017,1,33,2,0.7456492228641,0.856243911575279
2017,2,33,2,0.763761279522364,0.82053394351695
2017,3,33,2,1.30134715371932,0.990621257343095
2017,4,33,2,0.2541069595528,0.770512038557072
2018,1,33,2,2.41258792701998,1.13825911146278
2018,2,33,2,1.5551935385866,0.885679616882305
2018,3,33,2,1.14545278012825,1.42546774219721
2018,4,33,2,0.601216606036652,1.18258178289144
2019,1,33,2,3.25112145533162,1.58312382567978
2019,2,33,2,1.53265266172402,1.15142464798474
2019,3,33,2,3.5113479672209,1.76596979780526
2019,4,33,2,0.49090728398805,0.990552906834458
2020,1,33,2,3.21555509294288,1.0391052434402
2020,2,33,2,0.560290432629111,0.564282650302892
2020,3,33,2,0.886299809656269,0.60817050528918
2020,4,33,2,1.19065074238501,0.774839010185738
1972,1,34,3,0.321100859870561,0.30820195895505
1972,2,34,3,0.666976810858474,0.520846451227532
1972,3,34,3,0.802037431108198,0.625690149042869
1972,4,34,3,0.377343260683994,0.298794270781101
1973,1,34,3,0.24857765184108,0.383506004957059
1973,2,34,3,0.739929771992727,0.725568350149772
1973,3,34,3,1.02153867954833,0.857786538563895
1973,4,34,3,0.4972810100975,0.410861131969247
1974,1,34,3,0.316320290875299,0.460980286210834
1974,2,34,3,0.769972868861491,0.730519028159425
1974,3,34,3,0.654882138997464,0.711485671567539
1974,4,34,3,0.415654871032987,0.318861002498346
1975,1,34,3,0.251327100254054,0.442064270103986
1975,2,34,3,0.788754626132262,0.730738216744517
1975,3,34,3,0.649728951988906,0.641786233734277
1975,4,34,3,0.393489852208412,0.302099151278283
1976,1,34,3,0.246350490235058,0.400716934476788
1976,2,34,3,0.858215539074367,0.658164749379638
1976,3,34,3,0.667911232336088,0.701874967355394
1976,4,34,3,0.486460292204281,0.342665680348393
1977,1,34,3,0.225372655539439,0.426688943829158
1977,2,34,3,0.777400202562491,0.644680779629801
1977,3,34,3,0.698374351351574,0.611096741062052
1977,4,34,3,0.406610318739489,0.319180022984503
1978,1,34,3,0.255125422959875,0.467152276774671
1978,2,34,3,0.997282698565141,0.723539600344529
1978,3,34,3,0.657835749261831,0.681608386094717
1978,4,34,3,0.209506607654579,0.357364146092713
1979,1,34,3,0.421641437624149,0.326606237611953
1979,2,34,3,0.63305371665751,0.4733595647995
1979,3,34,3,0.505352031744286,0.483405225926793
1979,4,34,3,0.343008517418707,0.234335835051763
1980,1,34,3,0.516283110604192,0.279710538951696
1980,2,34,3,0.849166499001584,0.58140947158162
1980,3,34,3,0.805010466326716,0.594758403757368
1980,4,34,3,0.317270676613744,0.302099151278283
1981,1,34,3,0.328571765725385,0.311922662032647
1981,2,34,3,0.84273729552824,0.540640895309317
1981,3,34,3,0.5982778504981,0.643457049060684
1981,4,34,3,0.345072755043384,0.28564657045289
1982,1,34,3,0.288806027885956,0.311610895279971
1982,2,34,3,0.712339966848073,0.827538207989393
1982,3,34,3,0.908981988165889,0.785370262835719
1982,4,34,3,0.488800914606634,0.359514776408329
1983,1,34,3,0.430589533985931,0.451039662449158
1983,2,34,3,1.2199379539087,0.848317756944339
1983,3,34,3,0.911384871024426,1.01821388581134
1983,4,34,3,0.641337140571608,0.45914004799607
1984,1,34,3,0.458635271621179,0.502077896006773
1984,2,34,3,0.782626271701436,0.945633694531839
1984,3,34,3,1.07670989724466,0.867534498698227
1984,4,34,3,0.400877253312208,0.422908261222301
1985,1,34,3,0.312547131618141,0.447669518816944
1985,2,34,3,0.758509466285878,0.793104728391325
1985,3,34,3,0.616066725930008,0.836105899397036
1985,4,34,3,0.353101403945268,0.783722715813611
1986,1,34,3,0.391997428171573,0.5964857065067
1986,2,34,3,1.25332497521497,1.11806554496989
1986,3,34,3,1.11293425447933,1.39626386287479
1986,4,34,3,0.533444629969742,0.902036765294653
1987,1,34,3,0.501525913966946,0.703631849961998
1987,2,34,3,1.12636991828835,1.06566604707802
1987,3,34,3,1.03031028041675,1.20961242695822
1987,4,34,3,0.35345468195878,0.651811414798732
1988,1,34,3,0.640119756885253,0.603626288613042
1988,2,34,3,1.30747788126589,0.98604824061825
1988,3,34,3,0.866754068895489,0.947972296742097
1988,4,34,3,0.515045516845298,0.474070136942575
1989,1,34,3,0.500273665145268,0.646941115639096
1989,2,34,3,1.49316794423945,1.17550753615702
1989,3,34,3,0.89798671928879,1.069209937958
1989,4,34,3,0.485197138256259,0.516851334491699
1990,1,34,3,0.427457675579067,0.501776739625118
1990,2,34,3,0.923042500032818,0.79596505090491
1990,3,34,3,0.893239979647929,1.02850881416873
1990,4,34,3,0.323356451249156,0.505756475125463
1991,1,34,3,0.483646988975482,0.546730109282581
1991,2,34,3,1.18400173283048,0.783017682681878
1991,3,34,3,1.5502248733674,0.955213885216517
1991,4,34,3,0.465240873494177,0.497927895795227
1992,1,34,3,0.694752230400859,0.513759511229998
1992,2,34,3,1.16777473273972,0.741411112383323
1992,3,34,3,1.57270961313526,0.895207270829981
1992,4,34,3,0.541344185512804,0.491152799003683
1993,1,34,3,0.573842678211615,0.527450635500794
1993,2,34,3,1.16067298920909,0.775691802046476
1993,3,34,3,1.71532059670223,0.918365334192283
1993,4,34,3,0.445614968119845,0.493614712653842
1994,1,34,3,0.391527313383054,0.531421386972187
1994,2,34,3,0.901315424457224,0.749012205402669
1994,3,34,3,1.04535861625919,0.947110034340958
1994,4,34,3,0.62045636446077,0.507732776661486
1995,1,34,3,0.580363875851241,0.507478973729176
1995,2,34,3,0.824976811760033,0.882496902584595
1995,3,34,3,1.77162995257587,1.02247892758129
1995,4,34,3,0.548976304283848,0.471187111275287
1996,1,34,3,0.35345468195878,0.455982886398438
1996,2,34,3,1.07418259972381,0.707937121976488
1996,3,34,3,1.01691140580254,0.858301364919495
1996,4,34,3,0.427372192592535,0.515715511419312
1997,1,34,3,0.422950554163035,0.505453112258349
1997,2,34,3,0.649599019192221,0.814077262831957
1997,3,34,3,1.91496625295591,1.23380143393133
1997,4,34,3,0.545146888745014,0.533071349392207
1998,1,34,3,0.365678773130537,0.468227963576877
1998,2,34,3,1.2276478236075,0.918411253606969
1998,3,34,3,1.17069782191059,0.949015640002103
1998,4,34,3,0.378401302381031,0.470951576608223
1999,1,34,3,0.26928095555245,0.514324957630856
1999,2,34,3,0.66272178985997,0.743936200382524
1999,3,34,3,1.02454642248183,0.731908333735275
1999,4,34,3,0.367144417557721,0.459921249911152
2000,1,34,3,0.359155441329405,0.482680661646969
2000,2,34,3,0.75367050688869,0.887186552763584
2000,3,34,3,1.92129608006107,1.1232204937691
2000,4,34,3,0.643328370519155,0.498426072737979
2001,1,34,3,0.292585016453557,0.504796450135273
2001,2,34,3,0.859417882272927,0.885413952848838
2001,3,34,3,0.738599096370483,1.06909233133331
2001,4,34,3,0.486411648607281,0.53243204743083
2002,1,34,3,0.563605917243572,0.484906107291326
2002,2,34,3,0.717128668863986,0.735209342937338
2002,3,34,3,0.972738489631623,0.831353652540714
2002,4,34,3,0.491595035499358,0.39863861473199
2003,1,34,3,1.01989532552922,0.453799413071976
2003,2,34,3,0.878358899068084,0.792708275148699
2003,3,34,3,0.971746802218759,0.841726617301824
2003,4,34,3,0.33154225878488,0.402685265929481
2004,1,34,3,0.426902341646081,0.4688839418035
2004,2,34,3,0.768203966280869,0.923614963828277
2004,3,34,3,1.07220792100186,0.948787903577966
2004,4,34,3,1.2136107415578,0.504140641118318
2005,1,34,3,0.581991171854863,0.556716024167999
2005,2,34,3,0.836775051741803,0.919403673571182
2005,3,34,3,1.68539507129741,0.944631853884983
2005,4,34,3,0.445214095068469,0.450724045164381
2006,1,34,3,0.529776531515786,0.561692911078288
2006,2,34,3,1.12299587213325,1.22054807540332
2006,3,34,3,1.47152606242142,1.10982239720005
2006,4,34,3,0.512118108439191,0.465799497649828
2007,1,34,3,0.282239296140523,0.558612080118753
2007,2,34,3,0.741930281850105,0.836105899397036
2007,3,34,3,1.35893322694579,0.961875744865701
2007,4,34,3,0.502077896006773,0.445525854037927
2008,1,34,3,0.33487431388113,0.455663810067704
2008,2,34,3,0.820451894225131,0.702436691989173
2008,3,34,3,0.958850603368646,0.727602788414595
2008,4,34,3,0.352043687101985,0.32465246735835
2009,1,34,3,0.353808313427004,0.374336557447203
2009,2,34,3,0.460427441640464,0.675433886364164
2009,3,34,3,0.651290174190936,0.637309417236199
2009,4,34,3,0.235746076555864,0.314428051524814
2010,1,34,3,0.196125601698486,0.423246723198018
2010,2,34,3,0.867708022949814,0.694127234683759
2010,3,34,3,1.5099854273218,0.674893755336291
2010,4,34,3,0.403249420117569,0.370278445857798
2011,1,34,3,0.362765013523953,0.461995559231327
2011,2,34,3,0.759952004248923,0.854533135098863
2011,3,34,3,0.884617438776371,1.03753737855849
2011,4,34,3,0.20412963934275,0.475066730286918
2012,1,34,3,0.19968782637157,0.524190558243294
2012,2,34,3,0.72927820081363,0.777866782644056
2012,3,34,3,1.25082083024423,0.792312020083147
2012,4,34,3,0.559282816976522,0.461810797962351
2013,1,34,3,0.422401075681022,0.538374965332884
2013,2,34,3,1.07246528178496,0.98604824061825
2013,3,34,3,0.914507143325686,0.916961309583685
2013,4,34,3,0.437884544668786,0.360955715470836
2014,1,34,3,0.299691999513246,0.37779634439267
2014,2,34,3,0.705887078322792,0.710845622528399
2014,3,34,3,0.54848244787871,0.896192540626934
2014,4,34,3,0.580654130346744,0.476780052645809
2015,1,34,3,0.602661258781,0.426262468158703
2015,2,34,3,0.656849735333263,0.664447108455852
2015,3,34,3,0.846876841882357,0.734768349642793
2015,4,34,3,0.488849797142181,0.340615841931066
2016,1,34,3,0.393607916872889,0.402121901004644
2016,2,34,3,0.417446035221549,0.610424904224888
2016,3,34,3,1.02126290133658,0.698653756969512
2016,4,34,3,0.400917343041992,0.369538629029516
2017,1,34,3,0.387592790306092,0.394238193626829
2017,2,34,3,0.690458092156479,0.674623851818459
2017,3,34,3,0.860707976425058,0.679091094926637
2017,4,34,3,0.284221902239217,0.361678349294723
2018,1,34,3,0.365678773130537,0.526660052632928
2018,2,34,3,1.21336804368009,1.04471069479352
2018,3,34,3,0.837612245320568,0.964215945117477
2018,4,34,3,0.588134274005985,0.442683593507358
2019,1,34,3,0.228093419339626,0.531421386972187
2019,2,34,3,0.60713749373879,0.846368868184576
2019,3,34,3,1.64328945792726,0.832684883085219
2019,4,34,3,0.155828380860632,0.371428090067809
2020,1,34,3,0.0905366986978434,0.383736177604922
2020,2,34,3,0.506009416593123,0.605803259448425
2020,3,34,3,0.773445554453796,0.643521397982983
2020,4,34,3,0.600735825089843,0.852569967396423
1972,1,35,4,2.74560101501692,2.27004578297187
1972,2,35,4,3.90399348598293,2.65381970421917
1972,3,35,4,3.4973306287188,2.94173634336358
1972,4,35,4,1.50065247970654,2.4586194666545
1973,1,35,4,2.44415632003891,2.00150620575946
1973,2,35,4,4.60894969885433,2.79826616893057
1973,3,35,4,4.91848226406521,3.61828443311124
1973,4,35,4,4.04305259710927,3.45907080661025
1974,1,35,4,2.70797195866971,2.71828182845905
1974,2,35,4,4.60434305286236,3.4973306287188
1974,3,35,4,2.85194152732098,3.74716667097287
1974,4,35,4,2.14341424659107,2.84909101128921
1975,1,35,4,2.14148604159154,2.67567049158485
1975,2,35,4,3.18993327611618,3.38380223891719
1975,3,35,4,3.19631952679034,3.30686298060179
1975,4,35,4,1.7106954778114,2.33147240157711
1976,1,35,4,1.98714711583294,1.8620909071913
1976,2,35,4,3.25763020482219,2.78988395003878
1976,3,35,4,3.00717169255421,3.1740234175276
1976,4,35,4,2.03724824955849,2.23423748537663
1977,1,35,4,2.52767523281539,2.23088864140945
1977,2,35,4,3.80379784299715,2.63399050886935
1977,3,35,4,3.532479385886,2.80667357223677
1977,4,35,4,1.85595613513876,2.0571057105663
1978,1,35,4,2.23983006690418,2.17646064486058
1978,2,35,4,4.02691268805881,3.10495741402024
1978,3,35,4,2.95057480345496,3.42465247701108
1978,4,35,4,1.47476698346472,2.31405176760183
1979,1,35,4,2.68988919146134,1.80741925164944
1979,2,35,4,3.05261927265434,2.25150751831256
1979,3,35,4,2.92121609362507,2.52060764140897
1979,4,35,4,2.16929016253559,2.01435692391065
1980,1,35,4,1.60255623301178,1.81321225712011
1980,2,35,4,3.00116335950493,3.00717169255421
1980,3,35,4,3.28051361475018,3.60384020309779
1980,4,35,4,2.21732164211368,2.53425573937222
1981,1,35,4,1.69842270537027,1.85818461932402
1981,2,35,4,3.21234114509169,2.1079164601838
1981,3,35,4,3.05567341874553,2.52742247793006
1981,4,35,4,1.68573218402182,2.05916384517266
1982,1,35,4,2.22442843617448,1.62791491060292
1982,2,35,4,2.25466183634562,2.13059226552066
1982,3,35,4,2.85765111806316,2.57976936106109
1982,4,35,4,2.05587181734494,2.1978948150697
1983,1,35,4,2.01758247474146,2.14856461875731
1983,2,35,4,4.73035380538854,3.23167312992081
1983,3,35,4,4.25885353150056,3.86514810175524
1983,4,35,4,2.370497858586,3.19312480489073
1984,1,35,4,2.64031967805566,2.41403591412888
1984,2,35,4,4.01083720969726,3.59663972556928
1984,3,35,4,5.04299423537729,4.01886691114153
1984,4,35,4,2.15458902992952,2.79546930142846
1985,1,35,4,1.56909653765461,2.23960609509626
1985,2,35,4,4.09595540407118,3.37704139753435
1985,3,35,4,4.21647723082419,3.69507185218999
1985,4,35,4,3.064854203293,2.67674097386367
1986,1,35,4,2.76765391713015,2.36836537027696
1986,2,35,4,4.64132552995396,4.48168907033806
1986,3,35,4,5.94767269890518,5.70874951180444
1986,4,35,4,3.97887851723571,3.8076035433732
1987,1,35,4,3.24462571033121,2.9772498342685
1987,2,35,4,5.37092421076557,4.47273464960293
1987,3,35,4,7.34485449973936,4.86954254783599
1987,4,35,4,3.15188283604739,3.65830527295193
1988,1,35,4,4.03901156536478,3.17085098059291
1988,2,35,4,6.78015525054084,4.57222519514216
1988,3,35,4,5.3601930970348,4.83074161811028
1988,4,35,4,3.14244135683917,3.60384020309779
1989,1,35,4,3.56085256235552,2.80667357223677
1989,2,35,4,4.30165572107915,3.3905766155135
1989,3,35,4,3.5537379741905,3.59663972556928
1989,4,35,4,2.42153103690063,2.66925658217502
1990,1,35,4,1.40186010334558,2.33450528664732
1990,2,35,4,3.29695725767367,3.26415198483793
1990,3,35,4,4.12060501136872,3.43494186080076
1990,4,35,4,2.37334416345767,2.3933642209544
1991,1,35,4,3.58945363460447,2.08089897528894
1991,2,35,4,4.85495581123743,3.19312480489073
1991,3,35,4,6.82095846929075,4.3362069876408
1991,4,35,4,2.56587615193648,3.3002558639596
1992,1,35,4,2.18409160350528,2.81510623562406
1992,2,35,4,6.04360084076424,3.21555509294288
1992,3,35,4,7.72915853790988,4.4772096213655
1992,4,35,4,4.34923514106274,3.68768909370502
1993,1,35,4,2.8547948952945,2.53476264120859
1993,2,35,4,3.9590337778412,3.57512449744588
1993,3,35,4,9.39333128744278,5.21740420773997
1993,4,35,4,3.09256239093702,3.8884087023859
1994,1,35,4,1.67447553028811,2.7101392030188
1994,2,35,4,5.01784219669716,3.25437420288967
1994,3,35,4,5.29625517465787,3.64005939928356
1994,4,35,4,3.85742553069697,3.164515616108
1995,1,35,4,2.51884383346479,2.59062717783178
1995,2,35,4,4.03901156536478,3.88452223723996
1995,3,35,4,7.85381970442166,4.71147018259074
1995,4,35,4,2.58493406276335,3.32343870027124
1996,1,35,4,1.85428652605392,2.45002934001192
1996,2,35,4,5.16032726019108,3.08947137431198
1996,3,35,4,4.85495581123743,3.67664260444266
1996,4,35,4,2.83204764644607,2.86623694371646
1997,1,35,4,2.72372383230581,2.33263842926053
1997,2,35,4,3.79999594641927,3.46599587097949
1997,3,35,4,7.9884759747383,4.33187294803413
1997,4,35,4,2.05504963306582,3.11740211648833
1998,1,35,4,1.99531114382881,2.44880463154455
1998,2,35,4,7.17067648834661,4.31889680313948
1998,3,35,4,4.12885446809837,4.80664819377518
1998,4,35,4,3.09256239093702,3.62552824337312
1999,1,35,4,2.19394216285678,2.82921701435156
1999,2,35,4,3.34009750608129,3.39736455442078
1999,3,35,4,5.99544491457422,3.97490162749475
1999,4,35,4,2.24341666352338,2.9772498342685
2000,1,35,4,2.50903947344334,2.45223535897756
2000,2,35,4,3.66196540798739,4.07960430645159
2000,3,35,4,7.8852978976549,4.5905507225435
2000,4,35,4,3.4418186189883,3.09565650012471
2001,1,35,4,2.35749590850224,2.65249312603924
2001,2,35,4,4.25034433646899,4.19544746290187
2001,3,35,4,3.06179088100613,5.65760127849819
2001,4,35,4,2.86337213941363,3.74342137726086
2002,1,35,4,2.68693194013715,2.53882150766179
2002,2,35,4,3.1740234175276,3.47640947118253
2002,3,35,4,5.18619350822413,4.13298538768201
2002,4,35,4,3.04347513789662,3.01922446880657
2003,1,35,4,4.0836859512403,2.59373779644307
2003,2,35,4,4.79704450427835,4.10826172052834
2003,3,35,4,4.69735695247307,5.03795376179874
2003,4,35,4,1.14499469064021,3.3002558639596
2004,1,35,4,1.1353034817566,2.45199014770243
2004,2,35,4,2.70797195866971,3.97887851723571
2004,3,35,4,5.95957994758259,4.54033137737134
2004,4,35,4,4.02288778815611,3.4973306287188
2005,1,35,4,2.75660541320083,2.86623694371646
2005,2,35,4,3.19631952679034,4.54487397967132
2005,3,35,4,8.05264009681623,5.49588703132045
2005,4,35,4,2.41451876959565,3.65830527295193
2006,1,35,4,2.71692302727342,2.99516703111309
2006,2,35,4,5.11409268253181,5.7488509496722
2006,3,35,4,6.37892762899815,5.80662786225839
2006,4,35,4,2.7787467035812,3.50082970859587
2007,1,35,4,3.39396888798255,2.90955456785081
2007,2,35,4,4.28877009202371,3.53955141432887
2007,3,35,4,6.17803339529156,3.94322927281256
2007,4,35,4,3.04652013527946,2.89214950783889
2008,1,35,4,1.99630904885619,2.41862694246151
2008,2,35,4,3.14873252862758,3.21555509294288
2008,3,35,4,3.28708120738312,3.32011692273655
2008,4,35,4,1.01577310259682,2.3293750203788
2009,1,35,4,1.25948133836539,2.06597031035241
2009,2,35,4,2.38786580884402,2.69204196380863
2009,3,35,4,2.18693276894725,2.85765111806316
2009,4,35,4,1.14179318969938,2.35160952977022
2010,1,35,4,1.3571677615519,2.44709106811964
2010,2,35,4,4.36230243763031,3.38380223891719
2010,3,35,4,7.30822188509519,3.94717447435738
2010,4,35,4,1.87479627465159,3.03739427051516
2011,1,35,4,1.8029063470016,2.59607321123889
2011,2,35,4,3.08638344715858,4.00282355160717
2011,3,35,4,2.90955456785081,4.18706495327986
2011,4,35,4,0.97201892941941,3.08021684891803
2012,1,35,4,1.31679400733496,2.86337213941363
2012,2,35,4,2.915379499977,3.4487091444549
2012,3,35,4,4.77789465149993,3.90399348598293
2012,4,35,4,2.18999661901839,2.87772485199067
2013,1,35,4,2.02870975031036,2.49427972462458
2013,2,35,4,4.03901156536478,4.24609611659648
2013,3,35,4,2.63741692321765,4.34488807981456
2013,4,35,4,1.74577747353083,2.45468882086303
2014,1,35,4,1.74997237133111,2.06473109996649
2014,2,35,4,3.41781001679809,3.16768171450946
2014,3,35,4,1.99491212150361,4.4772096213655
2014,4,35,4,2.6177102885483,3.14873252862758
2015,1,35,4,2.08318922356738,2.24296802505602
2015,2,35,4,2.94173634336358,3.2478719588953
2015,3,35,4,3.51837769053541,4.05925719508754
2015,4,35,4,1.9245650612439,2.79546930142846
2016,1,35,4,1.48468109744876,2.23401407279891
2016,2,35,4,3.12676836518616,2.65275838861475
2016,3,35,4,5.16549016847517,3.53955141432887
2016,4,35,4,1.83510187926358,2.88060401618483
2017,1,35,4,1.60287677631164,2.14534418775626
2017,2,35,4,2.98022857322402,2.78430975818862
2017,3,35,4,3.50082970859587,3.06179088100613
2017,4,35,4,1.50757138238903,2.48159128106227
2018,1,35,4,2.02891263142927,2.94762570344727
2018,2,35,4,4.84525560305654,4.07552674126753
2018,3,35,4,3.4973306287188,4.3885549309787
2018,4,35,4,2.74834798929016,3.31348332470031
2019,1,35,4,2.31544061527503,2.75936339737628
2019,2,35,4,4.10826172052834,3.72475098525122
2019,3,35,4,7.76790110630677,4.54487397967132
2019,4,35,4,0.892257955882408,3.0771381716643
2020,1,35,4,0.619774237698364,2.17232929565993
2020,2,35,4,2.70607704159699,2.64560560157331
2020,3,35,4,2.94762570344727,2.90374127394678
2020,4,35,4,3.32011692273655,4.49066141783546
2005,1,36,5,1.24209565816256,1.27226655654989
2005,2,36,5,2.16733867968831,1.2745586986607
2005,3,36,5,1.13416874573742,1.3354923161322
2005,4,36,5,1.38223257514025,1.31666233451798
2006,1,36,5,1.48112213527779,1.28865623866609
2006,2,36,5,1.72167903877394,1.40480710282904
2006,3,36,5,2.98918268339336,1.49182469764127
2006,4,36,5,1.88777710129722,1.35838976235517
2007,1,36,5,1.4539732770177,1.20490412564841
2007,2,36,5,2.35961860989224,1.26111972882833
2007,3,36,5,2.20891180867701,1.36861598597604
2007,4,36,5,1.17151759727383,1.30773940299345
2008,1,36,5,1.63247945973923,1.18542338773222
2008,2,36,5,1.71772372733655,1.29576337468692
2008,3,36,5,2.67513541099638,1.34594988770734
2008,4,36,5,2.29905920971183,1.14076603811619
2009,1,36,5,1.94740944576486,1.06039343038348
2009,2,36,5,2.67620567920015,1.14981378134732
2009,3,36,5,1.2373846512436,1.28107555187429
2009,4,36,5,1.365062206328,1.24458233532716
2010,1,36,5,1.36451629063589,1.12209783469842
2010,2,36,5,1.17198629804665,1.1571961880508
2010,3,36,5,1.31258700131111,1.23158258890987
2010,4,36,5,1.69147342803158,1.16044087782316
2011,1,36,5,0.962010416896805,1.09634289500365
2011,2,36,5,0.651225048429859,1.10006580418343
2011,3,36,5,0.502077896006773,1.07042953232398
2011,4,36,5,0.704547166193592,1.03216650902606
2012,1,36,5,2.56254268016508,0.915028560987298
2012,2,36,5,1.71497756688702,0.994001065892181
2012,3,36,5,1.28248551031633,1.1930344267596
2012,4,36,5,1.10815891153041,1.26908986268038
2013,1,36,5,1.16941076231904,1.18329154486848
2013,2,36,5,1.48201107521427,1.20707490619095
2013,3,36,5,1.18506781405462,1.25307433528476
2013,4,36,5,1.28453912959015,1.17633067949889
2014,1,36,5,1.1040442184537,1.10103428816156
2014,2,36,5,1.41580744378918,1.23491235506139
2014,3,36,5,1.30395245245706,1.28633874380759
2014,4,36,5,1.11104387352579,1.06114657705448
2015,1,36,5,0.787966265752017,0.875202491973128
2015,2,36,5,0.880293415834221,1.01061595358317
2015,3,36,5,0.779346134470276,1.11784195422071
2015,4,36,5,1.18057310172328,1.05250180338199
2016,1,36,5,1.07927551867855,0.921529950962015
2016,2,36,5,0.675163766837126,0.838701849328637
2016,3,36,5,0.393253829111097,0.851973377250158
2016,4,36,5,0.751037270965539,0.917851193577944
2017,1,36,5,0.841474137190543,0.799075375794639
2017,2,36,5,0.435134543636248,0.778956558805073
2017,3,36,5,0.924215508710708,0.926297334781367
2017,4,36,5,1.09810942874268,0.950107635765322
2018,1,36,5,0.802759589718825,0.756691226327497
2018,2,36,5,0.573039860565598,0.725278180847441
2018,3,36,5,0.485876889964988,0.835186688566343
2018,4,36,5,0.600495578812266,1.01560043584647
2019,1,36,5,0.468977727970165,1.00771762855143
2019,2,36,5,0.451716729616257,0.913730142525981
2019,3,36,5,0.355937544613435,0.707300265195248
2019,4,36,5,0.549415661046548,0.527872764838416
2020,1,36,5,0.260019149176459,0.443924844509631
2020,2,36,5,0.725278180847441,0.610730192992832
2020,3,36,5,0.759572123224968,0.676650762219333
2020,4,36,5,0.616559776504685,0.880557543476137
2021,1,36,5,0.409589434609468,0.628889319754101
2021,2,36,5,0.51350269568362,0.47425980292802
2021,3,36,5,0.322387835545426,0.419412649510462
2021,4,36,5,0.245121812039117,0.517109824776131
1972,1,37,6,2.42322670204002,1.52577121960346
1972,2,37,6,2.26777687183354,1.93401857223102
1972,3,37,6,1.7601517026095,1.75084757629979
1972,4,37,6,1.29007454045159,1.65897509659233
1973,1,37,6,1.64361814868683,2.28051204752651
1973,2,37,6,2.59140448257501,2.76212414091537
1973,3,37,6,2.73737655483049,2.68720064676627
1973,4,37,6,2.81229253647249,2.01415549828971
1974,1,37,6,2.47242635888402,1.72236784814214
1974,2,37,6,2.40945360046853,1.9515033026462
1974,3,37,6,1.4233311434336,1.61947172437728
1974,4,37,6,1.31626739506151,1.49765417405221
1975,1,37,6,1.18779660693581,1.44628760367474
1975,2,37,6,1.35743922224937,2.04459556048147
1975,3,37,6,1.31797965540317,1.71806730643878
1975,4,37,6,1.14122243580489,1.45542797752375
1976,1,37,6,1.79445256911073,1.49585806692316
1976,2,37,6,2.4878030207042,1.75663491716199
1976,3,37,6,1.55830703812548,1.41227234589327
1976,4,37,6,1.93266523295447,1.43404625846366
1977,1,37,6,1.59999419321736,1.45077805184469
1977,2,37,6,1.73654932910538,1.58867446702574
1977,3,37,6,1.58454927848044,2.05361160169238
1977,4,37,6,1.6907969739602,1.77535428465627
1978,1,37,6,1.8680591421774,1.75365117470249
1978,2,37,6,2.75385018563101,2.18780771703278
1978,3,37,6,1.84282551543871,1.92572014677165
1978,4,37,6,1.80778077165057,1.61494354595722
1979,1,37,6,1.52882581562049,1.64971080029174
1979,2,37,6,1.48631514521746,1.75698627928046
1979,3,37,6,1.23540641880958,1.42717933023528
1979,4,37,6,1.40930968584872,1.44036996395073
1980,1,37,6,1.42062938174746,2.35090415272314
1980,2,37,6,1.87892536679178,2.52262493433168
1980,3,37,6,1.90961184711402,1.82321239971773
1980,4,37,6,1.73637568285493,1.40200029636545
1981,1,37,6,1.55053494934864,1.38250904930177
1981,2,37,6,1.69859255613321,1.50095264021753
1981,3,37,6,1.71875467082507,1.28633874380759
1981,4,37,6,1.31732083029547,1.26048932657761
1982,1,37,6,1.74316077033856,1.60801419748578
1982,2,37,6,2.00511216131622,1.89856815606394
1982,3,37,6,1.30538758933534,1.40832351426895
1982,4,37,6,1.30082671895172,1.53633544568517
1983,1,37,6,1.44628760367474,1.82558411711966
1983,2,37,6,2.90374127394678,2.8263892114743
1983,3,37,6,3.01319205429427,2.75109771191161
1983,4,37,6,2.00350871305199,2.12357289936866
1984,1,37,6,2.47539505137393,2.06886469438297
1984,2,37,6,2.37334416345767,2.59971025907406
1984,3,37,6,3.33675907806742,2.00792128426931
1984,4,37,6,1.57822374087577,1.55472705050173
1985,1,37,6,1.22531750724423,1.64017017221701
1985,2,37,6,1.79319689185066,2.30412270777879
1985,3,37,6,1.83748906303988,1.94390726167375
1985,4,37,6,1.90408199491858,1.8340011483883
1986,1,37,6,2.3854791365702,2.40175567220115
1986,2,37,6,2.75109771191161,2.61430947618017
1986,3,37,6,2.85765111806316,2.20405754434657
1986,4,37,6,2.17624300967803,1.85150718129454
1987,1,37,6,1.7769528227467,2.27709384374897
1987,2,37,6,2.38357151641075,2.47911093016336
1987,3,37,6,2.87772485199067,2.15998224120948
1987,4,37,6,1.34191808876648,3.04043318398917
1988,1,37,6,2.33403843227699,2.79267522939589
1988,2,37,6,3.73594201636036,3.33009222898265
1988,3,37,6,2.56921396003919,2.5383137941333
1988,4,37,6,2.85194152732098,2.27754930806263
1989,1,37,6,3.34009750608129,2.04377788580311
1989,2,37,6,2.90955456785081,2.03826712838175
1989,3,37,6,1.40973254217975,1.49675585107163
1989,4,37,6,1.21591879392217,1.50110274298656
1990,1,37,6,0.92416005744374,1.85892804184634
1990,2,37,6,1.25734203900984,2.29033936291671
1990,3,37,6,1.97151049957543,1.82558411711966
1990,4,37,6,1.92976840826671,2.29377744988167
1991,1,37,6,2.92121609362507,2.31567217091415
1991,2,37,6,2.9299929005337,2.39504016242015
1991,3,37,6,3.63278655575281,1.81013241489063
1991,4,37,6,1.64164698984025,1.86992813566057
1992,1,37,6,1.17680130588969,2.31636697678109
1992,2,37,6,3.3002558639596,3.13616275482037
1992,3,37,6,3.93535069547047,2.4198365583115
1992,4,37,6,2.17189487324449,1.75102266981194
1993,1,37,6,1.75435277548317,1.49496082128362
1993,2,37,6,2.08381427408734,1.50110274298656
1993,3,37,6,4.4772096213655,1.57838157114124
1993,4,37,6,1.80922757491203,1.82485402950007
1994,1,37,6,1.71292082809683,2.22955050970426
1994,2,37,6,2.40536100903608,2.10349448032135
1994,3,37,6,2.65647485127565,2.06638354573664
1994,4,37,6,2.7264489184541,2.48109501243458
1995,1,37,6,2.30251038626171,2.21444099680407
1995,2,37,6,2.33520574329656,2.23490785717298
1995,3,37,6,3.98684423733504,1.97743391174986
1995,4,37,6,1.9286108945106,1.92841804306388
1996,1,37,6,1.18412013892397,2.28279370021024
1996,2,37,6,2.41741793126826,2.4133118119754
1996,3,37,6,2.36056264613085,2.32030814968943
1996,4,37,6,1.79337622050613,2.42201539154186
1997,1,37,6,2.07777996666728,2.5050282201442
1997,2,37,6,1.7106954778114,2.16647191758041
1997,3,37,6,3.96695976874579,2.03094255885526
1997,4,37,6,1.26820181063098,2.10433604641548
1998,1,37,6,0.868315631203957,2.34949403330963
1998,2,37,6,3.72847759923291,2.79267522939589
1998,3,37,6,2.3636333731109,2.8892588039239
1998,4,37,6,1.3892999678062,3.064854203293
1999,1,37,6,1.26402364242513,2.78430975818862
1999,2,37,6,2.2461103794259,2.86623694371646
1999,3,37,6,3.22844307208897,2.14620249708178
1999,4,37,6,1.08071191010696,2.21843058014614
2000,1,37,6,1.55193105895814,2.47638540745249
2000,2,37,6,2.1978948150697,2.93292435891914
2000,3,37,6,4.09186149596232,2.49153752541357
2000,4,37,6,2.06081183535697,2.34902418148972
2001,1,37,6,1.37300257192546,2.29056840830508
2001,2,37,6,2.52565390126956,2.46107931584076
2001,3,37,6,1.69333507251916,2.21998402519458
2001,4,37,6,1.26896296003935,2.30481404828701
2002,1,37,6,1.48839744368959,2.5145654366156
2002,2,37,6,2.09803249832603,2.72917673105153
2002,3,37,6,2.77596934578796,2.41500172164316
2002,4,37,6,2.04051045582686,3.07099004549651
2003,1,37,6,2.8405565463536,2.7044538823685
2003,2,37,6,2.77596934578796,2.22620869093037
2003,3,37,6,2.71556490531857,1.58486622002923
2003,4,37,6,0.777244738068946,1.58819793616884
2004,1,37,6,0.753896641959321,2.04930354237432
2004,2,37,6,1.31284954496486,2.22888174487109
2004,3,37,6,2.97130128513195,2.17842034117201
2004,4,37,6,2.2591756723497,2.56279894724624
2005,1,37,6,1.81611571888151,2.57152729344711
2005,2,37,6,1.68286887381224,2.30020902674699
2005,3,37,6,4.07960430645159,2.12527243741273
2005,4,37,6,1.33682847641713,2.23580199913232
2006,1,37,6,1.58978692846874,2.95648185814754
2006,2,37,6,2.48308068260669,3.05567341874553
2006,3,37,6,3.66562920498856,2.17537268655039
2006,4,37,6,1.39780059817341,2.55972543298692
2007,1,37,6,1.938278096849,3.49034295746184
2007,2,37,6,1.9448794583335,3.73220794169251
2007,3,37,6,2.86623694371646,3.25437420288967
2007,4,37,6,1.07456937507509,3.93141731179462
2008,1,37,6,1.72064634119093,3.72475098525122
2008,2,37,6,2.0396944148636,3.064854203293
2008,3,37,6,2.23379068256132,2.23714388285666
2008,4,37,6,0.743192636026283,2.35019898725743
2009,1,37,6,0.888251815656804,2.86623694371646
2009,2,37,6,1.18222706156743,2.86337213941363
2009,3,37,6,1.16206663281506,2.34784996297807
2009,4,37,6,0.473312231209739,3.13616275482037
2010,1,37,6,1.01090907471022,3.72102809602082
2010,2,37,6,2.81229253647249,3.01620675344692
2010,3,37,6,3.83435027251308,2.22910464419035
2010,4,37,6,1.08991531438717,2.63926376138185
2011,1,37,6,1.96875231605499,3.09565650012471
2011,2,37,6,2.26664326682249,2.50052322505987
2011,3,37,6,1.36328877843766,1.64394690519112
2011,4,37,6,0.4724137917582,1.79158374067491
2012,1,37,6,0.761625739091524,2.34386200876252
2012,2,37,6,1.73169379190824,2.9624007387715
2012,3,37,6,2.83771740961221,2.83488111058847
2012,4,37,6,1.31534633029524,2.84909101128921
2013,1,37,6,1.58931006392346,2.80948164961369
2013,2,37,6,2.5314695907216,2.63056854596563
2013,3,37,6,1.4156658701236,2.14641712806286
2013,4,37,6,1.11271168988563,2.19306476148361
2014,1,37,6,1.32154300883515,2.89214950783889
2014,2,37,6,2.025871543868,3.08021684891803
2014,3,37,6,0.871970226132109,2.40897175793429
2014,4,37,6,1.23466539728698,2.48035079556896
2015,1,37,6,1.20081440808083,2.60127055327095
2015,2,37,6,1.78800415397346,2.80948164961369
2015,3,37,6,1.87873748364941,2.67192717383047
2015,4,37,6,1.05445073392315,2.70499482723765
2016,1,37,6,0.772131814006996,2.9299929005337
2016,2,37,6,1.93614716317086,2.59218202054465
2016,3,37,6,2.73464054650782,2.10517794920338
2016,4,37,6,0.882408657306674,2.31891638237156
2017,1,37,6,1.01553950164837,2.29813976992816
2017,2,37,6,1.68674392682472,1.94254700273675
2017,3,37,6,2.06762374788752,1.72409107746134
2017,4,37,6,0.703983753855621,2.51632624863353
2018,1,37,6,1.37437626122756,3.20913040958191
2018,2,37,6,2.42153103690063,2.68639460748418
2018,3,37,6,1.91975965784785,1.68169127780726
2018,4,37,6,1.38749505129797,1.81139995116699
2019,1,37,6,1.52989636834116,2.57101303941554
2019,2,37,6,2.37690685105055,3.09565650012471
2019,3,37,6,3.9590337778412,2.34386200876252
2019,4,37,6,0.455390493784747,1.82266551803417
2020,1,37,6,0.381097511845218,1.72322924739808
2020,2,37,6,1.40214050340532,1.7605037681554
2020,3,37,6,1.65764844724555,1.93208552034582
2020,4,37,6,1.64378251872006,2.35914673335948
1975,1,38,7,2.54594016935876,3.18037781664364
1975,2,38,7,3.64005939928356,3.36692545484274
1975,3,38,7,3.99882272880037,3.56085256235552
1975,4,38,7,2.29790996744148,4.02288778815611
1976,1,38,7,3.40416608279082,3.14244135683917
1976,2,38,7,5.07334315650623,3.34343927419294
1976,3,38,7,4.84525560305654,3.0282957423198
1976,4,38,7,3.72102809602082,3.164515616108
1977,1,38,7,3.00717169255421,3.29366194834527
1977,2,38,7,4.59974101121383,3.07099004549651
1977,3,38,7,4.1454029608917,2.83771740961221
1977,4,38,7,3.48685435909428,3.43150863583854
1978,1,38,7,4.68328599859967,4.61356095379639
1978,2,38,7,5.50688980448867,4.68797162702201
1978,3,38,7,4.45933655284783,4.45487944522022
1978,4,38,7,3.41439391511681,4.80664819377518
1979,1,38,7,3.22844307208897,4.31889680313948
1979,2,38,7,4.13712044025139,4.26737976195194
1979,3,38,7,4.0877716797153,3.63642115930746
1979,4,38,7,2.8405565463536,3.78861304147461
1980,1,38,7,2.8263892114743,4.30595952834521
1980,2,38,7,4.80184394810459,4.95798793416143
1980,3,38,7,4.84041276927395,4.04709767190669
1980,4,38,7,3.82668923555868,4.27164927611518
1981,1,38,7,3.4487091444549,4.04709767190669
1981,2,38,7,4.85981319533594,3.63642115930746
1981,3,38,7,4.09186149596232,4.24185214282044
1981,4,38,7,3.22844307208897,4.53125978922861
1982,1,38,7,2.72372383230581,3.91572305199272
1982,2,38,7,3.84971838934598,3.92748785953641
1982,3,38,7,3.97092871265575,3.50783837434258
1982,4,38,7,4.06331848258793,4.64596917692043
1983,1,38,7,3.33675907806742,4.06331848258793
1983,2,38,7,5.64629738360405,5.29625517465787
1983,3,38,7,5.39245093234951,5.58452846427605
1983,4,38,7,5.41406393326341,5.52343527970586
1984,1,38,7,3.9590337778412,4.7445661746994
1984,2,38,7,5.91800855756428,5.9239295261127
1984,3,38,7,7.91690225582272,5.3601930970348
1984,4,38,7,3.27068682146595,4.74931311394815
1985,1,38,7,2.62006728829878,3.7024693909673
1985,2,38,7,3.98684423733504,4.30595952834521
1985,3,38,7,3.90009144384319,4.0349745726322
1985,4,38,7,3.97887851723571,4.02288778815611
1986,1,38,7,3.8114130513531,4.17452258138464
1986,2,38,7,6.41090213679912,5.17065824224986
1986,3,38,7,7.901084274565,4.57222519514216
1986,4,38,7,6.67921188967017,4.52220632613107
1987,1,38,7,4.27164927611518,3.96299479179594
1987,2,38,7,6.07997144852034,4.82108978991952
1987,3,38,7,7.15634946716677,5.00281122783359
1987,4,38,7,3.74342137726086,5.80082413674253
1988,1,38,7,5.99544491457422,4.84041276927395
1988,2,38,7,8.40645615065997,5.57337056896211
1988,3,38,7,7.13491259015844,5.07334315650623
1988,4,38,7,5.48490624170768,5.10898114604348
1989,1,38,7,4.90374892832662,4.90865512994691
1989,2,38,7,6.35981952260183,4.45042679247243
1989,3,38,7,3.84202664687367,3.73220794169251
1989,4,38,7,3.12052107782557,4.36230243763031
1990,1,38,7,1.85391570583197,4.12060501136872
1990,2,38,7,4.63205215535977,4.01886691114153
1990,3,38,7,4.94313625901043,3.71730892781883
1990,4,38,7,3.5113479672209,4.13298538768201
1991,1,38,7,5.38706117674411,4.55397282344148
1991,2,38,7,7.68292243370327,5.4739473917272
1991,3,38,7,8.59344754943544,4.36230243763031
1991,4,38,7,5.2226242215196,4.10415551225413
1992,1,38,7,3.4418186189883,3.8076035433732
1992,2,38,7,7.30822188509519,3.98285938585551
1992,3,38,7,9.1431046039947,3.61828443311124
1992,4,38,7,5.00781654130105,4.22069581699655
1993,1,38,7,3.89229905594087,3.83435027251308
1993,2,38,7,5.37629782133381,3.34678438574415
1993,3,38,7,10.5275960001423,2.90955456785081
1993,4,38,7,4.47273464960293,3.99083307565913
1994,1,38,7,2.58364191879488,4.48617300100007
1994,2,38,7,6.15337062014438,4.10826172052834
1994,3,38,7,6.43016372113984,3.96299479179594
1994,4,38,7,4.50415363028848,5.17065824224986
1995,1,38,7,4.32321786011102,4.63668652431341
1995,2,38,7,6.54041095074285,4.73508652515942
1995,3,38,7,9.50673029615955,4.84525560305654
1995,4,38,7,4.98782528430484,5.21218941136499
1996,1,38,7,2.67754411662122,4.70676106735819
1996,2,38,7,5.38706117674411,4.95303242439511
1996,3,38,7,6.04964746441295,4.66925719433188
1996,4,38,7,3.99083307565913,5.04299423537729
1997,1,38,7,4.32321786011102,5.31748262194783
1997,2,38,7,5.09877339490512,4.61817682229978
1997,3,38,7,9.31848442378074,3.55018601249316
1997,4,38,7,2.53552318407667,4.15370206314937
2010,1,39,7,1.00267757832677,0.570124797007185
2010,2,39,7,0.755330407224721,0.461949361985304
2010,3,39,7,0.89386546652855,0.462966769319385
2010,4,39,7,1.25822248655784,0.521211171380552
2011,1,39,7,0.837696010733301,0.603203898064953
2011,2,39,7,0.673612674613231,0.432445055494265
2011,3,39,7,0.541506613131383,0.372544047437099
2011,4,39,7,0.700682793545743,0.432704600383242
2012,1,39,7,0.652398309134887,0.500023590836483
2012,2,39,7,0.741040499488076,0.412631638698127
2012,3,39,7,0.678412343264104,0.437665657122899
2012,4,39,7,0.66007619741288,0.502328997724975
2013,1,39,7,0.576892118284101,0.597381106448529
2013,2,39,7,0.782782812609345,0.434960524624916
2013,3,39,7,0.646165251911669,0.438278818155444
2013,4,39,7,0.58895823863025,0.553551769523194
2014,1,39,7,0.630778820547428,0.686877028911029
2014,2,39,7,0.590727766310515,0.582282240201813
2014,3,39,7,0.544329781395617,0.612932783972572
2014,4,39,7,0.611769317326348,0.66651009046207
2015,1,39,7,0.617053221677641,0.71049028855803
2015,2,39,7,0.777322466429106,0.500774189030646
2015,3,39,7,0.622133860245045,0.513297335680086
2015,4,39,7,0.512886862022896,0.627570037913387
2016,1,39,7,1.00858060414233,0.772363488300605
2016,2,39,7,0.649534062538189,0.551617724882321
2016,3,39,7,0.842316032205083,0.473643665760145
2016,4,39,7,0.519649880972989,0.483501916640728
2017,1,39,7,0.587135295112822,0.544112093023635
2017,2,39,7,0.44494704673394,0.395818304516302
2017,3,39,7,0.493812198033346,0.384312213790462
2017,4,39,7,0.483598626694739,0.434352005952903
2018,1,39,7,0.504846932304353,0.59511536587755
2018,2,39,7,0.671527708688822,0.498775093131782
2018,3,39,7,0.511759751202949,0.506566333199354
2018,4,39,7,0.51124824724635,0.555437048698018
2019,1,39,7,0.560402501922192,0.670990701353446
2019,2,39,7,0.469353060265441,0.526712721271579
2019,3,39,7,0.56186144423032,0.483646988975482
2019,4,39,7,0.506009416593123,0.484566791790503
2020,1,39,7,0.343695220928152,0.473975332395957
2020,2,39,7,0.301194211912202,0.304221264066704
2020,3,39,7,0.462411542398981,0.273624103370408
2020,4,39,7,0.490563769133484,0.315057536903413
2021,1,39,7,0.430159159674965,0.435569895819696
2021,2,39,7,0.34680243942605,0.406285160565109
2021,3,39,7,0.384427524750379,0.480801873085604
2021,4,39,7,0.502077896006773,0.462041761097304
2010,1,40,8,1.44513103628044,1.23763215292319
2010,2,40,8,1.11349086074654,1.27290284888799
2010,3,40,8,1.60319738372657,0.908227846127951
2010,4,40,8,1.94021734440803,0.899604550995232
2011,1,40,8,1.17668363164292,1.04792288481533
2011,2,40,8,1.05481985627266,0.997788449090238
2011,3,40,8,0.729132359758059,0.726003821788289
2011,4,40,8,0.988308878531759,0.717200385316635
2012,1,40,8,1.07971811236672,0.769126364368571
2012,2,40,8,1.05792558984139,0.876340995079373
2012,3,40,8,1.17680130588969,0.971494180892378
2012,4,40,8,1.14522371247976,1.11082168697048
2013,1,40,8,1.07963173837273,1.07441894589287
2013,2,40,8,1.26592110062664,0.919707126850497
2013,3,40,8,0.903119859139342,0.739190212062329
2013,4,40,8,0.940926736024574,0.819959770740405
2014,1,40,8,0.922562642706519,0.964862186267316
2014,2,40,8,1.09713254612834,1.07530033074691
2014,3,40,8,0.822916945636134,0.976627469560801
2014,4,40,8,0.925241957499064,1.02413668586563
2015,1,40,8,0.892525673424796,1.02024214889653
2015,2,40,8,1.26124584710702,1.05058799219629
2015,3,40,8,0.983714073368741,1.01573247248533
2015,4,40,8,0.84738512045581,1.06798105327348
2016,1,40,8,1.69130428914586,1.10283043751531
2016,2,40,8,0.987893875959417,1.03004243456531
2016,3,40,8,1.3228652128358,0.804205858231487
2016,4,40,8,0.899244781133603,0.815543921501859
2017,1,40,8,0.796283500610968,0.828531849904893
2017,2,40,8,0.726366914464788,0.76383765946925
2017,3,40,8,0.612810209673616,0.645648526427892
2017,4,40,8,0.750811993577547,0.772827045446823
2018,1,40,8,0.842905859843215,0.959320555293115
2018,2,40,8,0.995336906139618,0.988565872247913
2018,3,40,8,0.834351919331958,0.703772590405566
2018,4,40,8,0.792153573524314,0.701804783367916
2019,1,40,8,0.827703732182859,0.873104524560313
2019,2,40,8,0.746171360046798,1.07742076033586
2019,3,40,8,0.902939253228707,0.998689858985083
2019,4,40,8,0.846199611337188,0.869445175569282
2020,1,40,8,0.622382763566488,0.761778079472873
2020,2,40,8,0.58467449816431,0.623130071177658
2020,3,40,8,0.626065675779049,0.555770410925905
2020,4,40,8,0.687839330205235,0.667043511874555
2021,1,40,8,0.606591315811359,0.762159063750742
2021,2,40,8,0.539938518789071,0.750962170993504
2021,3,40,8,0.574014856840582,0.519597918583055
2021,4,40,8,0.718564361415701,0.52877091174721
2010,1,41,8,2.4222576051915,2.38643351908861
2010,2,41,8,2.28873668636491,2.38166542173715
2010,3,41,8,2.84339852365177,2.39551921835663
2010,4,41,8,3.58228190145899,2.93879607739822
2011,1,41,8,2.39168945223717,3.05873062051039
2011,2,41,8,2.0571057105663,3.08329860638887
2011,3,41,8,1.50080255245802,2.70905536411982
2011,4,41,8,2.10939251826599,2.60543591755901
2012,1,41,8,2.14856461875731,2.04807432904977
2012,2,41,8,2.62268866605751,1.91056689177885
2012,3,41,8,2.24274373946798,2.113192844066
2012,4,41,8,2.45248059477504,2.85194152732098
2013,1,41,8,1.84910178580468,2.80106583469908
2013,2,41,8,2.58803784553588,2.7731947639643
2013,3,41,8,1.85076672652285,2.62216418077457
2013,4,41,8,1.85948580391902,2.93879607739822
2014,1,41,8,1.81448195004077,2.8462433443487
2014,2,41,8,2.19087279288909,2.97130128513195
2014,3,41,8,1.75032240080716,2.80106583469908
2014,4,41,8,2.24678431362481,2.83771740961221
2015,1,41,8,1.90789396961245,2.51733298046593
2015,2,41,8,2.36860221865621,2.68290456351454
2015,3,41,8,2.29790996744148,2.74834798929016
2015,4,41,8,1.8772350946982,3.064854203293
2016,1,41,8,2.52085971477657,2.72917673105153
2016,2,41,8,1.85280369004657,2.63320043023441
2016,3,41,8,2.95057480345496,2.4212888959042
2016,4,41,8,1.42561029609901,2.61980529466985
2017,1,41,8,1.61542810170073,2.35184470248164
2017,2,41,8,1.60287677631164,2.09677405639736
2017,3,41,8,1.1749199293029,1.82722788240849
2017,4,41,8,1.48171470263747,2.07466563305143
2018,1,41,8,1.49810353770561,2.08715104563127
2018,2,41,8,2.04786953185689,2.25601503936774
2018,3,41,8,1.77216152129297,2.30297093439224
2018,4,41,8,1.54233885295821,2.63847210100843
2019,1,41,8,1.78318305417128,2.40223607137391
2019,2,41,8,1.65698552046085,2.43829737841306
2019,3,41,8,1.74333509513169,2.40704535119338
2019,4,41,8,1.92418018672039,2.75109771191161
2020,1,41,8,1.23602427647053,2.34972899446083
2020,2,41,8,0.995158756778263,2.03949045562025
2020,3,41,8,1.2243376452355,1.66213014562329
2020,4,41,8,1.59121838076127,1.73898220077893
2021,1,41,8,1.33977273656389,1.61220047420071
2021,2,41,8,1.02367592803528,1.38071295525176
2021,3,41,8,1.1468281485204,1.10893489433078
2021,4,41,8,1.50125286076663,1.38126535090563
